CIFAR10,VGG,GPU,Winograd,0,0.109375,1564428132608
CIFAR10,VGG,GPU,Winograd,100,0.1328125,1564428144731
CIFAR10,VGG,GPU,Winograd,200,0.140625,1564428156393
CIFAR10,VGG,GPU,Winograd,300,0.0703125,1564428168074
CIFAR10,VGG,GPU,Winograd,400,0.140625,1564428179761
CIFAR10,VGG,GPU,Winograd,500,0.140625,1564428191475
CIFAR10,VGG,GPU,Winograd,600,0.078125,1564428203193
CIFAR10,VGG,GPU,Winograd,700,0.1484375,1564428214911
CIFAR10,VGG,GPU,Winograd,800,0.09375,1564428226628
CIFAR10,VGG,GPU,Winograd,900,0.1484375,1564428238348
CIFAR10,VGG,GPU,Winograd,1000,0.125,1564428260353
CIFAR10,VGG,GPU,Winograd,1100,0.125,1564428272107
CIFAR10,VGG,GPU,Winograd,1200,0.140625,1564428283862
CIFAR10,VGG,GPU,Winograd,1300,0.125,1564428295614
CIFAR10,VGG,GPU,Winograd,1400,0.171875,1564428307366
CIFAR10,VGG,GPU,Winograd,1500,0.1953125,1564428319119
CIFAR10,VGG,GPU,Winograd,1600,0.2265625,1564428330874
CIFAR10,VGG,GPU,Winograd,1700,0.140625,1564428342628
CIFAR10,VGG,GPU,Winograd,1800,0.1484375,1564428354382
CIFAR10,VGG,GPU,Winograd,1900,0.15625,1564428366137
CIFAR10,VGG,GPU,Winograd,2000,0.1171875,1564428388404
CIFAR10,VGG,GPU,Winograd,2100,0.1484375,1564428400163
CIFAR10,VGG,GPU,Winograd,2200,0.1640625,1564428411917
CIFAR10,VGG,GPU,Winograd,2300,0.2109375,1564428423672
CIFAR10,VGG,GPU,Winograd,2400,0.203125,1564428435427
CIFAR10,VGG,GPU,Winograd,2500,0.1328125,1564428447182
CIFAR10,VGG,GPU,Winograd,2600,0.15625,1564428458936
CIFAR10,VGG,GPU,Winograd,2700,0.1796875,1564428470689
CIFAR10,VGG,GPU,Winograd,2800,0.171875,1564428482445
CIFAR10,VGG,GPU,Winograd,2900,0.21875,1564428494202
CIFAR10,VGG,GPU,Winograd,3000,0.109375,1564428516460
CIFAR10,VGG,GPU,Winograd,3100,0.1328125,1564428528220
CIFAR10,VGG,GPU,Winograd,3200,0.1875,1564428539976
CIFAR10,VGG,GPU,Winograd,3300,0.1875,1564428551733
CIFAR10,VGG,GPU,Winograd,3400,0.15625,1564428563488
CIFAR10,VGG,GPU,Winograd,3500,0.203125,1564428575243
CIFAR10,VGG,GPU,Winograd,3600,0.171875,1564428586998
CIFAR10,VGG,GPU,Winograd,3700,0.203125,1564428598753
CIFAR10,VGG,GPU,Winograd,3800,0.25,1564428610512
CIFAR10,VGG,GPU,Winograd,3900,0.171875,1564428622267
CIFAR10,VGG,GPU,Winograd,4000,0.1640625,1564428644534
CIFAR10,VGG,GPU,Winograd,4100,0.1796875,1564428656293
CIFAR10,VGG,GPU,Winograd,4200,0.140625,1564428668050
CIFAR10,VGG,GPU,Winograd,4300,0.15625,1564428679808
CIFAR10,VGG,GPU,Winograd,4400,0.1796875,1564428691560
CIFAR10,VGG,GPU,Winograd,4500,0.1171875,1564428703314
CIFAR10,VGG,GPU,Winograd,4600,0.15625,1564428715069
CIFAR10,VGG,GPU,Winograd,4700,0.2265625,1564428726822
CIFAR10,VGG,GPU,Winograd,4800,0.1640625,1564428738579
CIFAR10,VGG,GPU,Winograd,4900,0.1640625,1564428750335
CIFAR10,VGG,GPU,Winograd,5000,0.2109375,1564428772596
CIFAR10,VGG,GPU,Winograd,5100,0.2265625,1564428784351
CIFAR10,VGG,GPU,Winograd,5200,0.2109375,1564428796106
CIFAR10,VGG,GPU,Winograd,5300,0.1171875,1564428807866
CIFAR10,VGG,GPU,Winograd,5400,0.2734375,1564428819621
CIFAR10,VGG,GPU,Winograd,5500,0.203125,1564428831375
CIFAR10,VGG,GPU,Winograd,5600,0.1875,1564428843129
CIFAR10,VGG,GPU,Winograd,5700,0.1796875,1564428854884
CIFAR10,VGG,GPU,Winograd,5800,0.2109375,1564428866636
CIFAR10,VGG,GPU,Winograd,5900,0.21875,1564428878392
CIFAR10,VGG,GPU,Winograd,6000,0.21875,1564428900654
CIFAR10,VGG,GPU,Winograd,6100,0.2109375,1564428912412
CIFAR10,VGG,GPU,Winograd,6200,0.2109375,1564428924168
CIFAR10,VGG,GPU,Winograd,6300,0.1484375,1564428935922
CIFAR10,VGG,GPU,Winograd,6400,0.2109375,1564428947675
CIFAR10,VGG,GPU,Winograd,6500,0.203125,1564428959433
CIFAR10,VGG,GPU,Winograd,6600,0.1640625,1564428971187
CIFAR10,VGG,GPU,Winograd,6700,0.1953125,1564428982940
CIFAR10,VGG,GPU,Winograd,6800,0.2421875,1564428994693
CIFAR10,VGG,GPU,Winograd,6900,0.203125,1564429006446
CIFAR10,VGG,GPU,Winograd,7000,0.2578125,1564429028707
CIFAR10,VGG,GPU,Winograd,7100,0.2578125,1564429040465
CIFAR10,VGG,GPU,Winograd,7200,0.28125,1564429052220
CIFAR10,VGG,GPU,Winograd,7300,0.2265625,1564429063975
CIFAR10,VGG,GPU,Winograd,7400,0.265625,1564429075732
CIFAR10,VGG,GPU,Winograd,7500,0.3359375,1564429087486
CIFAR10,VGG,GPU,Winograd,7600,0.2109375,1564429099238
CIFAR10,VGG,GPU,Winograd,7700,0.28125,1564429110992
CIFAR10,VGG,GPU,Winograd,7800,0.2578125,1564429122747
CIFAR10,VGG,GPU,Winograd,7900,0.265625,1564429134502
CIFAR10,VGG,GPU,Winograd,8000,0.25,1564429156767
CIFAR10,VGG,GPU,Winograd,8100,0.234375,1564429168523
CIFAR10,VGG,GPU,Winograd,8200,0.2265625,1564429180279
CIFAR10,VGG,GPU,Winograd,8300,0.1953125,1564429192034
CIFAR10,VGG,GPU,Winograd,8400,0.1953125,1564429203790
CIFAR10,VGG,GPU,Winograd,8500,0.2421875,1564429215544
CIFAR10,VGG,GPU,Winograd,8600,0.2265625,1564429227300
CIFAR10,VGG,GPU,Winograd,8700,0.203125,1564429239057
CIFAR10,VGG,GPU,Winograd,8800,0.2578125,1564429250812
CIFAR10,VGG,GPU,Winograd,8900,0.2890625,1564429262571
CIFAR10,VGG,GPU,Winograd,9000,0.265625,1564429284835
CIFAR10,VGG,GPU,Winograd,9100,0.2890625,1564429296592
CIFAR10,VGG,GPU,Winograd,9200,0.3125,1564429308346
CIFAR10,VGG,GPU,Winograd,9300,0.265625,1564429320102
CIFAR10,VGG,GPU,Winograd,9400,0.34375,1564429331857
CIFAR10,VGG,GPU,Winograd,9500,0.3203125,1564429343614
CIFAR10,VGG,GPU,Winograd,9600,0.3515625,1564429355369
CIFAR10,VGG,GPU,Winograd,9700,0.3203125,1564429367124
CIFAR10,VGG,GPU,Winograd,9800,0.28125,1564429378879
CIFAR10,VGG,GPU,Winograd,9900,0.296875,1564429390636
CIFAR10,VGG,GPU,Winograd,10000,0.28125,1564429421659
CIFAR10,VGG,GPU,Winograd,10100,0.28125,1564429433395
CIFAR10,VGG,GPU,Winograd,10200,0.265625,1564429445150
CIFAR10,VGG,GPU,Winograd,10300,0.2578125,1564429456905
CIFAR10,VGG,GPU,Winograd,10400,0.3125,1564429468665
CIFAR10,VGG,GPU,Winograd,10500,0.3125,1564429480422
CIFAR10,VGG,GPU,Winograd,10600,0.265625,1564429492178
CIFAR10,VGG,GPU,Winograd,10700,0.265625,1564429503932
CIFAR10,VGG,GPU,Winograd,10800,0.296875,1564429515691
CIFAR10,VGG,GPU,Winograd,10900,0.390625,1564429527446
CIFAR10,VGG,GPU,Winograd,11000,0.296875,1564429549721
CIFAR10,VGG,GPU,Winograd,11100,0.3359375,1564429561489
CIFAR10,VGG,GPU,Winograd,11200,0.2109375,1564429573247
CIFAR10,VGG,GPU,Winograd,11300,0.28125,1564429585005
CIFAR10,VGG,GPU,Winograd,11400,0.3984375,1564429596756
CIFAR10,VGG,GPU,Winograd,11500,0.2890625,1564429608512
CIFAR10,VGG,GPU,Winograd,11600,0.2890625,1564429620268
CIFAR10,VGG,GPU,Winograd,11700,0.3046875,1564429632026
CIFAR10,VGG,GPU,Winograd,11800,0.2890625,1564429643782
CIFAR10,VGG,GPU,Winograd,11900,0.3046875,1564429655542
CIFAR10,VGG,GPU,Winograd,12000,0.2734375,1564429677809
CIFAR10,VGG,GPU,Winograd,12100,0.3359375,1564429689573
CIFAR10,VGG,GPU,Winograd,12200,0.2734375,1564429701336
CIFAR10,VGG,GPU,Winograd,12300,0.453125,1564429713092
CIFAR10,VGG,GPU,Winograd,12400,0.3671875,1564429724849
CIFAR10,VGG,GPU,Winograd,12500,0.3359375,1564429736602
CIFAR10,VGG,GPU,Winograd,12600,0.4140625,1564429748357
CIFAR10,VGG,GPU,Winograd,12700,0.265625,1564429760114
CIFAR10,VGG,GPU,Winograd,12800,0.359375,1564429771869
CIFAR10,VGG,GPU,Winograd,12900,0.3359375,1564429783628
CIFAR10,VGG,GPU,Winograd,13000,0.34375,1564429805897
CIFAR10,VGG,GPU,Winograd,13100,0.3359375,1564429817662
CIFAR10,VGG,GPU,Winograd,13200,0.328125,1564429829426
CIFAR10,VGG,GPU,Winograd,13300,0.359375,1564429841185
CIFAR10,VGG,GPU,Winograd,13400,0.375,1564429852915
CIFAR10,VGG,GPU,Winograd,13500,0.296875,1564429864644
CIFAR10,VGG,GPU,Winograd,13600,0.375,1564429876372
CIFAR10,VGG,GPU,Winograd,13700,0.390625,1564429888100
CIFAR10,VGG,GPU,Winograd,13800,0.28125,1564429899832
CIFAR10,VGG,GPU,Winograd,13900,0.34375,1564429911560
CIFAR10,VGG,GPU,Winograd,14000,0.3828125,1564429933816
CIFAR10,VGG,GPU,Winograd,14100,0.328125,1564429945580
CIFAR10,VGG,GPU,Winograd,14200,0.3046875,1564429957345
CIFAR10,VGG,GPU,Winograd,14300,0.390625,1564429969110
CIFAR10,VGG,GPU,Winograd,14400,0.3125,1564429980873
CIFAR10,VGG,GPU,Winograd,14500,0.390625,1564429992635
CIFAR10,VGG,GPU,Winograd,14600,0.3515625,1564430004395
CIFAR10,VGG,GPU,Winograd,14700,0.40625,1564430016158
CIFAR10,VGG,GPU,Winograd,14800,0.3984375,1564430027924
CIFAR10,VGG,GPU,Winograd,14900,0.453125,1564430039688
CIFAR10,VGG,GPU,Winograd,15000,0.4140625,1564430061973
CIFAR10,VGG,GPU,Winograd,15100,0.3515625,1564430073739
CIFAR10,VGG,GPU,Winograd,15200,0.40625,1564430085503
CIFAR10,VGG,GPU,Winograd,15300,0.390625,1564430097269
CIFAR10,VGG,GPU,Winograd,15400,0.40625,1564430109033
CIFAR10,VGG,GPU,Winograd,15500,0.375,1564430120799
CIFAR10,VGG,GPU,Winograd,15600,0.3125,1564430132564
CIFAR10,VGG,GPU,Winograd,15700,0.4375,1564430144327
CIFAR10,VGG,GPU,Winograd,15800,0.3359375,1564430156092
CIFAR10,VGG,GPU,Winograd,15900,0.3671875,1564430167856
CIFAR10,VGG,GPU,Winograd,16000,0.375,1564430190154
CIFAR10,VGG,GPU,Winograd,16100,0.390625,1564430201920
CIFAR10,VGG,GPU,Winograd,16200,0.4609375,1564430213687
CIFAR10,VGG,GPU,Winograd,16300,0.4140625,1564430225453
CIFAR10,VGG,GPU,Winograd,16400,0.40625,1564430237218
CIFAR10,VGG,GPU,Winograd,16500,0.421875,1564430248978
CIFAR10,VGG,GPU,Winograd,16600,0.34375,1564430260740
CIFAR10,VGG,GPU,Winograd,16700,0.484375,1564430272502
CIFAR10,VGG,GPU,Winograd,16800,0.421875,1564430284259
CIFAR10,VGG,GPU,Winograd,16900,0.3359375,1564430296021
CIFAR10,VGG,GPU,Winograd,17000,0.3359375,1564430318301
CIFAR10,VGG,GPU,Winograd,17100,0.4453125,1564430330068
CIFAR10,VGG,GPU,Winograd,17200,0.4609375,1564430341832
CIFAR10,VGG,GPU,Winograd,17300,0.40625,1564430353598
CIFAR10,VGG,GPU,Winograd,17400,0.34375,1564430365360
CIFAR10,VGG,GPU,Winograd,17500,0.4609375,1564430377119
CIFAR10,VGG,GPU,Winograd,17600,0.4296875,1564430388876
CIFAR10,VGG,GPU,Winograd,17700,0.3984375,1564430400632
CIFAR10,VGG,GPU,Winograd,17800,0.3515625,1564430412391
CIFAR10,VGG,GPU,Winograd,17900,0.421875,1564430424145
CIFAR10,VGG,GPU,Winograd,18000,0.4765625,1564430446426
CIFAR10,VGG,GPU,Winograd,18100,0.4375,1564430458192
CIFAR10,VGG,GPU,Winograd,18200,0.4375,1564430469959
CIFAR10,VGG,GPU,Winograd,18300,0.4140625,1564430481723
CIFAR10,VGG,GPU,Winograd,18400,0.4765625,1564430493491
CIFAR10,VGG,GPU,Winograd,18500,0.46875,1564430505258
CIFAR10,VGG,GPU,Winograd,18600,0.421875,1564430517024
CIFAR10,VGG,GPU,Winograd,18700,0.4453125,1564430528794
CIFAR10,VGG,GPU,Winograd,18800,0.421875,1564430540558
CIFAR10,VGG,GPU,Winograd,18900,0.3984375,1564430552324
CIFAR10,VGG,GPU,Winograd,19000,0.4140625,1564430574628
CIFAR10,VGG,GPU,Winograd,19100,0.390625,1564430586396
CIFAR10,VGG,GPU,Winograd,19200,0.4765625,1564430598166
CIFAR10,VGG,GPU,Winograd,19300,0.421875,1564430609935
CIFAR10,VGG,GPU,Winograd,19400,0.4375,1564430621707
CIFAR10,VGG,GPU,Winograd,19500,0.5,1564430633471
CIFAR10,VGG,GPU,Winograd,19600,0.4921875,1564430645232
CIFAR10,VGG,GPU,Winograd,19700,0.4453125,1564430656993
CIFAR10,VGG,GPU,Winograd,19800,0.5,1564430668753
CIFAR10,VGG,GPU,Winograd,19900,0.546875,1564430680511
CIFAR10,VGG,GPU,Winograd,20000,0.5078125,1564430711324
CIFAR10,VGG,GPU,Winograd,20100,0.4609375,1564430723064
CIFAR10,VGG,GPU,Winograd,20200,0.46875,1564430734821
CIFAR10,VGG,GPU,Winograd,20300,0.5,1564430746579
CIFAR10,VGG,GPU,Winograd,20400,0.53125,1564430758340
CIFAR10,VGG,GPU,Winograd,20500,0.4609375,1564430770098
CIFAR10,VGG,GPU,Winograd,20600,0.4453125,1564430781859
CIFAR10,VGG,GPU,Winograd,20700,0.4609375,1564430793619
CIFAR10,VGG,GPU,Winograd,20800,0.453125,1564430805379
CIFAR10,VGG,GPU,Winograd,20900,0.4296875,1564430817136
CIFAR10,VGG,GPU,Winograd,21000,0.390625,1564430839424
CIFAR10,VGG,GPU,Winograd,21100,0.421875,1564430851211
CIFAR10,VGG,GPU,Winograd,21200,0.4140625,1564430862994
CIFAR10,VGG,GPU,Winograd,21300,0.484375,1564430874777
CIFAR10,VGG,GPU,Winograd,21400,0.4609375,1564430886543
CIFAR10,VGG,GPU,Winograd,21500,0.4765625,1564430898305
CIFAR10,VGG,GPU,Winograd,21600,0.4765625,1564430910064
CIFAR10,VGG,GPU,Winograd,21700,0.5390625,1564430921827
CIFAR10,VGG,GPU,Winograd,21800,0.4375,1564430933593
CIFAR10,VGG,GPU,Winograd,21900,0.5,1564430945353
CIFAR10,VGG,GPU,Winograd,22000,0.53125,1564430967639
CIFAR10,VGG,GPU,Winograd,22100,0.5859375,1564430979410
CIFAR10,VGG,GPU,Winograd,22200,0.4921875,1564430991179
CIFAR10,VGG,GPU,Winograd,22300,0.453125,1564431002948
CIFAR10,VGG,GPU,Winograd,22400,0.5,1564431014716
CIFAR10,VGG,GPU,Winograd,22500,0.5625,1564431026483
CIFAR10,VGG,GPU,Winograd,22600,0.53125,1564431038247
CIFAR10,VGG,GPU,Winograd,22700,0.4765625,1564431050015
CIFAR10,VGG,GPU,Winograd,22800,0.484375,1564431061782
CIFAR10,VGG,GPU,Winograd,22900,0.484375,1564431073549
CIFAR10,VGG,GPU,Winograd,23000,0.5,1564431095853
CIFAR10,VGG,GPU,Winograd,23100,0.5,1564431107622
CIFAR10,VGG,GPU,Winograd,23200,0.453125,1564431119390
CIFAR10,VGG,GPU,Winograd,23300,0.46875,1564431131156
CIFAR10,VGG,GPU,Winograd,23400,0.515625,1564431142928
CIFAR10,VGG,GPU,Winograd,23500,0.5078125,1564431154697
CIFAR10,VGG,GPU,Winograd,23600,0.609375,1564431166463
CIFAR10,VGG,GPU,Winograd,23700,0.53125,1564431178229
CIFAR10,VGG,GPU,Winograd,23800,0.4921875,1564431189998
CIFAR10,VGG,GPU,Winograd,23900,0.546875,1564431201766
CIFAR10,VGG,GPU,Winograd,24000,0.5078125,1564431224071
CIFAR10,VGG,GPU,Winograd,24100,0.4921875,1564431235842
CIFAR10,VGG,GPU,Winograd,24200,0.6015625,1564431247610
CIFAR10,VGG,GPU,Winograd,24300,0.4765625,1564431259377
CIFAR10,VGG,GPU,Winograd,24400,0.5078125,1564431271147
CIFAR10,VGG,GPU,Winograd,24500,0.4609375,1564431282919
CIFAR10,VGG,GPU,Winograd,24600,0.53125,1564431294689
CIFAR10,VGG,GPU,Winograd,24700,0.5859375,1564431306459
CIFAR10,VGG,GPU,Winograd,24800,0.6015625,1564431318227
CIFAR10,VGG,GPU,Winograd,24900,0.5703125,1564431329993
CIFAR10,VGG,GPU,Winograd,25000,0.5078125,1564431352299
CIFAR10,VGG,GPU,Winograd,25100,0.5390625,1564431364071
CIFAR10,VGG,GPU,Winograd,25200,0.515625,1564431375839
CIFAR10,VGG,GPU,Winograd,25300,0.578125,1564431387611
CIFAR10,VGG,GPU,Winograd,25400,0.484375,1564431399383
CIFAR10,VGG,GPU,Winograd,25500,0.546875,1564431411151
CIFAR10,VGG,GPU,Winograd,25600,0.515625,1564431422921
CIFAR10,VGG,GPU,Winograd,25700,0.5546875,1564431434692
CIFAR10,VGG,GPU,Winograd,25800,0.609375,1564431446461
CIFAR10,VGG,GPU,Winograd,25900,0.5078125,1564431458227
CIFAR10,VGG,GPU,Winograd,26000,0.5390625,1564431480525
CIFAR10,VGG,GPU,Winograd,26100,0.609375,1564431492296
CIFAR10,VGG,GPU,Winograd,26200,0.5703125,1564431504065
CIFAR10,VGG,GPU,Winograd,26300,0.5390625,1564431515834
CIFAR10,VGG,GPU,Winograd,26400,0.546875,1564431527607
CIFAR10,VGG,GPU,Winograd,26500,0.625,1564431539376
CIFAR10,VGG,GPU,Winograd,26600,0.5703125,1564431551147
CIFAR10,VGG,GPU,Winograd,26700,0.515625,1564431562915
CIFAR10,VGG,GPU,Winograd,26800,0.6015625,1564431574685
CIFAR10,VGG,GPU,Winograd,26900,0.5234375,1564431586456
CIFAR10,VGG,GPU,Winograd,27000,0.578125,1564431608765
CIFAR10,VGG,GPU,Winograd,27100,0.609375,1564431620538
CIFAR10,VGG,GPU,Winograd,27200,0.59375,1564431632312
CIFAR10,VGG,GPU,Winograd,27300,0.59375,1564431644086
CIFAR10,VGG,GPU,Winograd,27400,0.59375,1564431655856
CIFAR10,VGG,GPU,Winograd,27500,0.5546875,1564431667630
CIFAR10,VGG,GPU,Winograd,27600,0.5859375,1564431679400
CIFAR10,VGG,GPU,Winograd,27700,0.6328125,1564431691171
CIFAR10,VGG,GPU,Winograd,27800,0.5078125,1564431702945
CIFAR10,VGG,GPU,Winograd,27900,0.5234375,1564431714716
CIFAR10,VGG,GPU,Winograd,28000,0.5703125,1564431737030
CIFAR10,VGG,GPU,Winograd,28100,0.609375,1564431748803
CIFAR10,VGG,GPU,Winograd,28200,0.6015625,1564431760577
CIFAR10,VGG,GPU,Winograd,28300,0.6015625,1564431772347
CIFAR10,VGG,GPU,Winograd,28400,0.578125,1564431784119
CIFAR10,VGG,GPU,Winograd,28500,0.5703125,1564431795890
CIFAR10,VGG,GPU,Winograd,28600,0.5625,1564431807660
CIFAR10,VGG,GPU,Winograd,28700,0.609375,1564431819431
CIFAR10,VGG,GPU,Winograd,28800,0.578125,1564431831205
CIFAR10,VGG,GPU,Winograd,28900,0.578125,1564431842978
CIFAR10,VGG,GPU,Winograd,29000,0.59375,1564431865290
CIFAR10,VGG,GPU,Winograd,29100,0.4765625,1564431877065
CIFAR10,VGG,GPU,Winograd,29200,0.625,1564431888838
CIFAR10,VGG,GPU,Winograd,29300,0.6015625,1564431900609
CIFAR10,VGG,GPU,Winograd,29400,0.65625,1564431912381
CIFAR10,VGG,GPU,Winograd,29500,0.6640625,1564431924154
CIFAR10,VGG,GPU,Winograd,29600,0.671875,1564431935927
CIFAR10,VGG,GPU,Winograd,29700,0.65625,1564431947699
CIFAR10,VGG,GPU,Winograd,29800,0.6484375,1564431959476
CIFAR10,VGG,GPU,Winograd,29900,0.609375,1564431971242
CIFAR10,VGG,GPU,Winograd,30000,0.6328125,1564432002175
CIFAR10,VGG,GPU,Winograd,30100,0.625,1564432013921
CIFAR10,VGG,GPU,Winograd,30200,0.6328125,1564432025689
CIFAR10,VGG,GPU,Winograd,30300,0.5390625,1564432037458
CIFAR10,VGG,GPU,Winograd,30400,0.5625,1564432049229
CIFAR10,VGG,GPU,Winograd,30500,0.625,1564432060996
CIFAR10,VGG,GPU,Winograd,30600,0.625,1564432072764
CIFAR10,VGG,GPU,Winograd,30700,0.53125,1564432084532
CIFAR10,VGG,GPU,Winograd,30800,0.671875,1564432096301
CIFAR10,VGG,GPU,Winograd,30900,0.625,1564432108073
CIFAR10,VGG,GPU,Winograd,31000,0.6640625,1564432130373
CIFAR10,VGG,GPU,Winograd,31100,0.6015625,1564432142165
CIFAR10,VGG,GPU,Winograd,31200,0.6953125,1564432153934
CIFAR10,VGG,GPU,Winograd,31300,0.59375,1564432165707
CIFAR10,VGG,GPU,Winograd,31400,0.640625,1564432177478
CIFAR10,VGG,GPU,Winograd,31500,0.609375,1564432189250
CIFAR10,VGG,GPU,Winograd,31600,0.640625,1564432201022
CIFAR10,VGG,GPU,Winograd,31700,0.625,1564432212794
CIFAR10,VGG,GPU,Winograd,31800,0.5390625,1564432224565
CIFAR10,VGG,GPU,Winograd,31900,0.5703125,1564432236336
CIFAR10,VGG,GPU,Winograd,32000,0.6953125,1564432258625
CIFAR10,VGG,GPU,Winograd,32100,0.6484375,1564432270418
CIFAR10,VGG,GPU,Winograd,32200,0.6796875,1564432282212
CIFAR10,VGG,GPU,Winograd,32300,0.75,1564432293982
CIFAR10,VGG,GPU,Winograd,32400,0.6875,1564432305754
CIFAR10,VGG,GPU,Winograd,32500,0.75,1564432317524
CIFAR10,VGG,GPU,Winograd,32600,0.6875,1564432329296
CIFAR10,VGG,GPU,Winograd,32700,0.75,1564432341069
CIFAR10,VGG,GPU,Winograd,32800,0.734375,1564432352839
CIFAR10,VGG,GPU,Winograd,32900,0.75,1564432364611
CIFAR10,VGG,GPU,Winograd,33000,0.78125,1564432386904
CIFAR10,VGG,GPU,Winograd,33100,0.734375,1564432398695
CIFAR10,VGG,GPU,Winograd,33200,0.75,1564432410485
CIFAR10,VGG,GPU,Winograd,33300,0.765625,1564432422258
CIFAR10,VGG,GPU,Winograd,33400,0.71875,1564432434030
CIFAR10,VGG,GPU,Winograd,33500,0.75,1564432445800
CIFAR10,VGG,GPU,Winograd,33600,0.6953125,1564432457572
CIFAR10,VGG,GPU,Winograd,33700,0.7109375,1564432469341
CIFAR10,VGG,GPU,Winograd,33800,0.734375,1564432481109
CIFAR10,VGG,GPU,Winograd,33900,0.8203125,1564432492881
CIFAR10,VGG,GPU,Winograd,34000,0.75,1564432515178
CIFAR10,VGG,GPU,Winograd,34100,0.78125,1564432526972
CIFAR10,VGG,GPU,Winograd,34200,0.828125,1564432538764
CIFAR10,VGG,GPU,Winograd,34300,0.7890625,1564432550557
CIFAR10,VGG,GPU,Winograd,34400,0.796875,1564432562330
CIFAR10,VGG,GPU,Winograd,34500,0.8125,1564432574100
CIFAR10,VGG,GPU,Winograd,34600,0.796875,1564432585867
CIFAR10,VGG,GPU,Winograd,34700,0.84375,1564432597636
CIFAR10,VGG,GPU,Winograd,34800,0.765625,1564432609402
CIFAR10,VGG,GPU,Winograd,34900,0.8046875,1564432621172
CIFAR10,VGG,GPU,Winograd,35000,0.8359375,1564432643472
CIFAR10,VGG,GPU,Winograd,35100,0.8046875,1564432655249
CIFAR10,VGG,GPU,Winograd,35200,0.8359375,1564432667025
CIFAR10,VGG,GPU,Winograd,35300,0.8125,1564432678803
CIFAR10,VGG,GPU,Winograd,35400,0.8515625,1564432690577
CIFAR10,VGG,GPU,Winograd,35500,0.8671875,1564432702346
CIFAR10,VGG,GPU,Winograd,35600,0.8359375,1564432714118
CIFAR10,VGG,GPU,Winograd,35700,0.8828125,1564432725886
CIFAR10,VGG,GPU,Winograd,35800,0.875,1564432737656
CIFAR10,VGG,GPU,Winograd,35900,0.84375,1564432749425
CIFAR10,VGG,GPU,Winograd,36000,0.8984375,1564432771727
CIFAR10,VGG,GPU,Winograd,36100,0.859375,1564432783505
CIFAR10,VGG,GPU,Winograd,36200,0.890625,1564432795287
CIFAR10,VGG,GPU,Winograd,36300,0.8515625,1564432807064
CIFAR10,VGG,GPU,Winograd,36400,0.8984375,1564432818839
CIFAR10,VGG,GPU,Winograd,36500,0.875,1564432830615
CIFAR10,VGG,GPU,Winograd,36600,0.8671875,1564432842391
CIFAR10,VGG,GPU,Winograd,36700,0.8828125,1564432854167
CIFAR10,VGG,GPU,Winograd,36800,0.8359375,1564432865943
CIFAR10,VGG,GPU,Winograd,36900,0.890625,1564432877713
CIFAR10,VGG,GPU,Winograd,37000,0.90625,1564432900024
CIFAR10,VGG,GPU,Winograd,37100,0.8515625,1564432911802
CIFAR10,VGG,GPU,Winograd,37200,0.8984375,1564432923578
CIFAR10,VGG,GPU,Winograd,37300,0.8671875,1564432935354
CIFAR10,VGG,GPU,Winograd,37400,0.9140625,1564432947133
CIFAR10,VGG,GPU,Winograd,37500,0.875,1564432958907
CIFAR10,VGG,GPU,Winograd,37600,0.8984375,1564432970679
CIFAR10,VGG,GPU,Winograd,37700,0.890625,1564432982447
CIFAR10,VGG,GPU,Winograd,37800,0.8984375,1564432994220
CIFAR10,VGG,GPU,Winograd,37900,0.90625,1564433005989
CIFAR10,VGG,GPU,Winograd,38000,0.828125,1564433028288
CIFAR10,VGG,GPU,Winograd,38100,0.8515625,1564433040065
CIFAR10,VGG,GPU,Winograd,38200,0.9140625,1564433051843
CIFAR10,VGG,GPU,Winograd,38300,0.9140625,1564433063621
CIFAR10,VGG,GPU,Winograd,38400,0.8671875,1564433075398
CIFAR10,VGG,GPU,Winograd,38500,0.890625,1564433087171
CIFAR10,VGG,GPU,Winograd,38600,0.9375,1564433098945
CIFAR10,VGG,GPU,Winograd,38700,0.890625,1564433110720
CIFAR10,VGG,GPU,Winograd,38800,0.921875,1564433122496
CIFAR10,VGG,GPU,Winograd,38900,0.9140625,1564433134264
CIFAR10,VGG,GPU,Winograd,39000,0.921875,1564433156568
CIFAR10,VGG,GPU,Winograd,39100,0.8828125,1564433168344
CIFAR10,VGG,GPU,Winograd,39200,0.921875,1564433180121
CIFAR10,VGG,GPU,Winograd,39300,0.890625,1564433191898
CIFAR10,VGG,GPU,Winograd,39400,0.890625,1564433203676
CIFAR10,VGG,GPU,Winograd,39500,0.8828125,1564433215455
CIFAR10,VGG,GPU,Winograd,39600,0.90625,1564433227237
CIFAR10,VGG,GPU,Winograd,39700,0.921875,1564433239018
CIFAR10,VGG,GPU,Winograd,39800,0.9453125,1564433250798
CIFAR10,VGG,GPU,Winograd,39900,0.90625,1564433262577
CIFAR10,VGG,GPU,Winograd,40000,0.9296875,1564433293512
CIFAR10,VGG,GPU,Winograd,40100,0.90625,1564433305262
CIFAR10,VGG,GPU,Winograd,40200,0.90625,1564433317030
CIFAR10,VGG,GPU,Winograd,40300,0.8984375,1564433328805
CIFAR10,VGG,GPU,Winograd,40400,0.953125,1564433340577
CIFAR10,VGG,GPU,Winograd,40500,0.8671875,1564433352349
CIFAR10,VGG,GPU,Winograd,40600,0.9140625,1564433364119
CIFAR10,VGG,GPU,Winograd,40700,0.9375,1564433375888
CIFAR10,VGG,GPU,Winograd,40800,0.9296875,1564433387657
CIFAR10,VGG,GPU,Winograd,40900,0.9375,1564433399426
CIFAR10,VGG,GPU,Winograd,41000,0.921875,1564433421727
CIFAR10,VGG,GPU,Winograd,41100,0.953125,1564433433508
CIFAR10,VGG,GPU,Winograd,41200,0.9609375,1564433445283
CIFAR10,VGG,GPU,Winograd,41300,0.921875,1564433457065
CIFAR10,VGG,GPU,Winograd,41400,0.9375,1564433468842
CIFAR10,VGG,GPU,Winograd,41500,0.953125,1564433480624
CIFAR10,VGG,GPU,Winograd,41600,0.9609375,1564433492397
CIFAR10,VGG,GPU,Winograd,41700,0.9453125,1564433504170
CIFAR10,VGG,GPU,Winograd,41800,0.9375,1564433515944
CIFAR10,VGG,GPU,Winograd,41900,0.9375,1564433527715
CIFAR10,VGG,GPU,Winograd,42000,0.875,1564433550012
CIFAR10,VGG,GPU,Winograd,42100,0.9140625,1564433561792
CIFAR10,VGG,GPU,Winograd,42200,0.953125,1564433573567
CIFAR10,VGG,GPU,Winograd,42300,0.9453125,1564433585345
CIFAR10,VGG,GPU,Winograd,42400,0.9375,1564433597122
CIFAR10,VGG,GPU,Winograd,42500,0.9296875,1564433608896
CIFAR10,VGG,GPU,Winograd,42600,0.8828125,1564433620672
CIFAR10,VGG,GPU,Winograd,42700,0.9296875,1564433632448
CIFAR10,VGG,GPU,Winograd,42800,0.9453125,1564433644229
CIFAR10,VGG,GPU,Winograd,42900,0.9296875,1564433656005
CIFAR10,VGG,GPU,Winograd,43000,0.9453125,1564433678317
CIFAR10,VGG,GPU,Winograd,43100,0.9453125,1564433690098
CIFAR10,VGG,GPU,Winograd,43200,0.953125,1564433701874
CIFAR10,VGG,GPU,Winograd,43300,0.9375,1564433713647
CIFAR10,VGG,GPU,Winograd,43400,0.921875,1564433725422
CIFAR10,VGG,GPU,Winograd,43500,0.9921875,1564433737198
CIFAR10,VGG,GPU,Winograd,43600,0.9296875,1564433748972
CIFAR10,VGG,GPU,Winograd,43700,0.9375,1564433760747
CIFAR10,VGG,GPU,Winograd,43800,0.9609375,1564433772522
CIFAR10,VGG,GPU,Winograd,43900,0.9375,1564433784290
CIFAR10,VGG,GPU,Winograd,44000,0.9375,1564433806591
CIFAR10,VGG,GPU,Winograd,44100,0.9140625,1564433818369
CIFAR10,VGG,GPU,Winograd,44200,0.96875,1564433830146
CIFAR10,VGG,GPU,Winograd,44300,0.9296875,1564433841922
CIFAR10,VGG,GPU,Winograd,44400,0.9375,1564433853697
CIFAR10,VGG,GPU,Winograd,44500,0.953125,1564433865471
CIFAR10,VGG,GPU,Winograd,44600,0.96875,1564433877246
CIFAR10,VGG,GPU,Winograd,44700,0.90625,1564433889020
CIFAR10,VGG,GPU,Winograd,44800,0.953125,1564433900795
CIFAR10,VGG,GPU,Winograd,44900,0.9453125,1564433912573
CIFAR10,VGG,GPU,Winograd,45000,0.9296875,1564433934890
CIFAR10,VGG,GPU,Winograd,45100,0.8984375,1564433946669
CIFAR10,VGG,GPU,Winograd,45200,0.921875,1564433958445
CIFAR10,VGG,GPU,Winograd,45300,0.9375,1564433970222
CIFAR10,VGG,GPU,Winograd,45400,0.9296875,1564433981998
CIFAR10,VGG,GPU,Winograd,45500,0.96875,1564433993776
CIFAR10,VGG,GPU,Winograd,45600,0.9765625,1564434005552
CIFAR10,VGG,GPU,Winograd,45700,0.9609375,1564434017329
CIFAR10,VGG,GPU,Winograd,45800,0.9375,1564434029107
CIFAR10,VGG,GPU,Winograd,45900,0.953125,1564434040883
CIFAR10,VGG,GPU,Winograd,46000,0.9296875,1564434063196
CIFAR10,VGG,GPU,Winograd,46100,0.9765625,1564434074973
CIFAR10,VGG,GPU,Winograd,46200,0.90625,1564434086748
CIFAR10,VGG,GPU,Winograd,46300,0.953125,1564434098524
CIFAR10,VGG,GPU,Winograd,46400,0.953125,1564434110299
CIFAR10,VGG,GPU,Winograd,46500,0.9453125,1564434122074
CIFAR10,VGG,GPU,Winograd,46600,0.921875,1564434133847
CIFAR10,VGG,GPU,Winograd,46700,0.96875,1564434145623
CIFAR10,VGG,GPU,Winograd,46800,0.96875,1564434157399
CIFAR10,VGG,GPU,Winograd,46900,0.9375,1564434169174
CIFAR10,VGG,GPU,Winograd,47000,0.953125,1564434191490
CIFAR10,VGG,GPU,Winograd,47100,0.9921875,1564434203268
CIFAR10,VGG,GPU,Winograd,47200,0.9375,1564434215046
CIFAR10,VGG,GPU,Winograd,47300,0.9375,1564434226826
CIFAR10,VGG,GPU,Winograd,47400,0.953125,1564434238600
CIFAR10,VGG,GPU,Winograd,47500,0.9375,1564434250374
CIFAR10,VGG,GPU,Winograd,47600,0.9375,1564434262151
CIFAR10,VGG,GPU,Winograd,47700,0.9375,1564434273931
CIFAR10,VGG,GPU,Winograd,47800,0.9453125,1564434285703
CIFAR10,VGG,GPU,Winograd,47900,0.953125,1564434297478
CIFAR10,VGG,GPU,Winograd,48000,0.9453125,1564434319789
CIFAR10,VGG,GPU,Winograd,48100,0.9609375,1564434331568
CIFAR10,VGG,GPU,Winograd,48200,0.9921875,1564434343345
CIFAR10,VGG,GPU,Winograd,48300,0.984375,1564434355120
CIFAR10,VGG,GPU,Winograd,48400,0.9765625,1564434366898
CIFAR10,VGG,GPU,Winograd,48500,0.9765625,1564434378670
CIFAR10,VGG,GPU,Winograd,48600,0.96875,1564434390446
CIFAR10,VGG,GPU,Winograd,48700,1,1564434402221
CIFAR10,VGG,GPU,Winograd,48800,0.9921875,1564434413999
CIFAR10,VGG,GPU,Winograd,48900,0.96875,1564434425776
CIFAR10,VGG,GPU,Winograd,49000,1,1564434448085
CIFAR10,VGG,GPU,Winograd,49100,1,1564434459864
CIFAR10,VGG,GPU,Winograd,49200,0.9921875,1564434471640
CIFAR10,VGG,GPU,Winograd,49300,0.9921875,1564434483418
CIFAR10,VGG,GPU,Winograd,49400,1,1564434495199
CIFAR10,VGG,GPU,Winograd,49500,1,1564434506977
CIFAR10,VGG,GPU,Winograd,49600,0.9921875,1564434518755
CIFAR10,VGG,GPU,Winograd,49700,1,1564434530533
CIFAR10,VGG,GPU,Winograd,49800,1,1564434542309
CIFAR10,VGG,GPU,Winograd,49900,1,1564434554087
CIFAR10,VGG,GPU,Winograd,50000,1,1564434585068
CIFAR10,VGG,GPU,Winograd,50100,1,1564434596820
CIFAR10,VGG,GPU,Winograd,50200,1,1564434608590
CIFAR10,VGG,GPU,Winograd,50300,0.9921875,1564434620359
CIFAR10,VGG,GPU,Winograd,50400,1,1564434632127
CIFAR10,VGG,GPU,Winograd,50500,1,1564434643899
CIFAR10,VGG,GPU,Winograd,50600,1,1564434655670
CIFAR10,VGG,GPU,Winograd,50700,1,1564434667441
CIFAR10,VGG,GPU,Winograd,50800,1,1564434679212
CIFAR10,VGG,GPU,Winograd,50900,1,1564434690986
CIFAR10,VGG,GPU,Winograd,51000,1,1564434713288
CIFAR10,VGG,GPU,Winograd,51100,1,1564434725068
CIFAR10,VGG,GPU,Winograd,51200,1,1564434736844
CIFAR10,VGG,GPU,Winograd,51300,1,1564434748619
CIFAR10,VGG,GPU,Winograd,51400,1,1564434760395
CIFAR10,VGG,GPU,Winograd,51500,0.9921875,1564434772171
CIFAR10,VGG,GPU,Winograd,51600,1,1564434783945
CIFAR10,VGG,GPU,Winograd,51700,1,1564434795720
CIFAR10,VGG,GPU,Winograd,51800,1,1564434807496
CIFAR10,VGG,GPU,Winograd,51900,1,1564434819275
CIFAR10,VGG,GPU,Winograd,52000,1,1564434841590
CIFAR10,VGG,GPU,Winograd,52100,1,1564434853371
CIFAR10,VGG,GPU,Winograd,52200,1,1564434865148
CIFAR10,VGG,GPU,Winograd,52300,1,1564434876922
CIFAR10,VGG,GPU,Winograd,52400,1,1564434888702
CIFAR10,VGG,GPU,Winograd,52500,1,1564434900481
CIFAR10,VGG,GPU,Winograd,52600,1,1564434912256
CIFAR10,VGG,GPU,Winograd,52700,1,1564434924029
CIFAR10,VGG,GPU,Winograd,52800,1,1564434935804
CIFAR10,VGG,GPU,Winograd,52900,1,1564434947574
CIFAR10,VGG,GPU,Winograd,53000,1,1564434969875
CIFAR10,VGG,GPU,Winograd,53100,1,1564434981652
CIFAR10,VGG,GPU,Winograd,53200,1,1564434993431
CIFAR10,VGG,GPU,Winograd,53300,1,1564435005207
CIFAR10,VGG,GPU,Winograd,53400,1,1564435016984
CIFAR10,VGG,GPU,Winograd,53500,1,1564435028759
CIFAR10,VGG,GPU,Winograd,53600,1,1564435040535
